id,slug,display_name,category,subcategory,priority,status,entity_type,fsm_states,required_kyc_tier,requires_frsc,requires_cac,requires_it,requires_community,requires_social,package_name,milestone_target,notes
vtx_politician,politician,Individual Politician,politics,elected-office,1,planned,individual,"[""seeded"",""claimed"",""candidate"",""elected"",""in_office"",""post_office""]",2,0,0,0,1,1,packages/verticals-politician,M8b,"7 offices Councilor→President; politics tables ready M2 — DIFFERENTIATE: generic individual politician page; use role-specific templates for governor (governor-official-site), senator (senator-official-site), house-of-reps-member, lga-chairman, house-of-assembly-member, presidential-candidate, ward-councillor, deputy-governor, assembly-speaker, lga-vice-chairman"
vtx_political_party,political-party,Political Party,politics,party-organization,1,planned,organization,"[""seeded"",""claimed"",""registered"",""active""]",2,0,1,0,1,1,packages/verticals-political-party,M8b,Party as Organization subtype; party affiliation relationships — DIFFERENTIATE: party as organisation entity; use party-chapter-officer-official-site (ward/LGA chapter officers) or party-state-officer-official-site (state party officers) for individual party officer identity pages
vtx_motor_park,motor-park,Motor Park / Bus Terminal,transport,park-facility,1,planned,place,"[""seeded"",""claimed"",""frsc_verified"",""active"",""suspended""]",2,1,1,0,0,0,packages/verticals-motor-park,M8c,Geography Facility Place; FRSC operator verification; NURTW context
vtx_transit,mass-transit,City Bus / Mass Transit Operator,transport,public-transit,1,planned,organization,"[""seeded"",""claimed"",""frsc_verified"",""route_licensed"",""active""]",2,1,1,0,0,0,packages/verticals-transit,M8c,Route licensing fields; FRSC fleet verification; scheduled services
vtx_rideshare,rideshare,Carpooling / Ride-Hailing,transport,ride-services,1,planned,organization,"[""seeded"",""claimed"",""frsc_verified"",""drivers_enrolled"",""active""]",2,1,1,0,0,0,packages/verticals-rideshare,M8c,offerings.route; driver KYC; real-time seat offerings
vtx_haulage,haulage,Haulage / Logistics Operator,transport,freight,1,planned,organization,"[""seeded"",""claimed"",""frsc_verified"",""cac_verified"",""active""]",3,1,1,0,0,0,packages/verticals-haulage,M8c,FRSC fleet + CAC business; route-based offerings
vtx_church,church,Church / Faith Community,civic,religious,1,planned,organization,"[""seeded"",""claimed"",""it_verified"",""community_active"",""active""]",1,0,0,1,1,1,packages/verticals-church,M8d,IT-XXXXXXXX registration; community_spaces; courses; events
vtx_ngo,ngo,NGO / Non-Profit Organization,civic,nonprofit,1,planned,organization,"[""seeded"",""claimed"",""it_verified"",""programs_active"",""active""]",1,0,0,1,1,0,packages/verticals-ngo,M8d,IT-XXXXXXXX; membership_tiers; donor management
vtx_cooperative,cooperative,Cooperative Society,civic,cooperative,1,planned,organization,"[""seeded"",""claimed"",""cac_verified"",""members_enrolled"",""active""]",2,0,1,0,1,0,packages/verticals-cooperative,M8d,Savings cycles; loan requests; member voting
vtx_pos_business,pos-business,POS Business Management System,commerce,business-mgmt,1,planned,organization,"[""seeded"",""claimed"",""cac_verified"",""inventory_setup"",""active""]",1,0,1,0,0,0,packages/verticals-pos-business,M8b,Inventory+CRM+scheduling+staff — NOT money transfer; separate from agent pos infra
vtx_market,market,Market / Trading Hub,place,marketplace,1,planned,place,"[""seeded"",""claimed"",""vendors_enrolled"",""active""]",1,0,0,0,0,0,packages/verticals-market,M8e,Multi-vendor; stall assignments; market association
vtx_professional,professional,Professional (Lawyer/Doctor/Accountant),professional,licensed-professional,1,planned,individual,"[""seeded"",""claimed"",""license_verified"",""active""]",2,0,0,0,0,1,packages/verticals-professional,M8e,License body verification; appointment booking; ratings
vtx_school,school,School / Educational Institution,education,formal-school,1,planned,organization,"[""seeded"",""claimed"",""cac_verified"",""courses_published"",""active""]",1,0,1,0,1,0,packages/verticals-school,M8e,community_courses reuse; enrollment; results management
vtx_clinic,clinic,Clinic / Healthcare Facility,health,primary-care,1,planned,organization,"[""seeded"",""claimed"",""license_verified"",""active""]",2,0,1,0,0,0,packages/verticals-clinic,M8e,MDCN/NAFDAC license verification; appointment scheduling
vtx_creator,creator,Creator / Influencer,creator,digital-creator,1,planned,individual,"[""seeded"",""claimed"",""social_active"",""monetization_enabled"",""active""]",1,0,0,0,1,1,packages/verticals-creator,M8e,Social network + community as creator tools; paid tiers
vtx_sole_trader,sole-trader,Sole Trader / Artisan,commerce,micro-business,1,planned,individual,"[""seeded"",""claimed"",""active""]",1,0,0,0,0,1,packages/verticals-sole-trader,M8e,Nigeria informal economy core; WhatsApp catalogue
vtx_hub,tech-hub,Tech Hub / Innovation Centre,place,hub,1,planned,place,"[""seeded"",""claimed"",""members_enrolled"",""active""]",1,0,0,0,1,0,packages/verticals-tech-hub,M8e,Innovation hubs; coworking; startup residence
vtx_restaurant,restaurant,Restaurant / Eatery / Buka,commerce,food-service,2,planned,organization,"[""seeded"",""claimed"",""active""]",1,0,1,0,0,0,packages/verticals-restaurant,M9,Menu management; table reservations; delivery integration
vtx_hotel,hotel,Hotel / Guesthouse / Shortlet,commerce,hospitality,2,planned,organization,"[""seeded"",""claimed"",""active""]",1,0,1,0,0,0,packages/verticals-hotel,M9,Room inventory; booking calendar; Airbnb-style shortlet
vtx_supermarket,supermarket,Supermarket / Grocery Store,commerce,retail,2,planned,organization,"[""seeded"",""claimed"",""inventory_setup"",""active""]",1,0,1,0,0,0,packages/verticals-supermarket,M9,Product catalog; stock management; delivery
vtx_pharmacy,pharmacy,Pharmacy / Drug Store,health,retail-pharmacy,2,planned,organization,"[""seeded"",""claimed"",""nafdac_verified"",""active""]",2,0,1,0,0,0,packages/verticals-pharmacy,M9,NAFDAC regulation; prescription management; stock
vtx_beauty_salon,beauty-salon,Beauty Salon / Barber Shop,commerce,personal-care,2,planned,organization,"[""seeded"",""claimed"",""active""]",1,0,0,0,0,0,packages/verticals-beauty-salon,M9,Appointment booking; stylist scheduling; loyalty
vtx_laundry,laundry,Laundry / Dry Cleaner,commerce,cleaning-services,2,planned,organization,"[""seeded"",""claimed"",""active""]",1,0,0,0,0,0,packages/verticals-laundry,M9,Order tracking; pickup/delivery; pricing tiers
vtx_auto_mechanic,auto-mechanic,Auto Mechanic / Garage,commerce,auto-services,2,planned,organization,"[""seeded"",""claimed"",""active""]",1,0,1,0,0,0,packages/verticals-auto-mechanic,M9,Job cards; parts inventory; vehicle history
vtx_fuel_station,fuel-station,Fuel Station / Filling Station,commerce,energy-retail,2,planned,place,"[""seeded"",""claimed"",""dpra_verified"",""active""]",2,0,1,0,0,0,packages/verticals-fuel-station,M9,DPR license; pump management; queue management
vtx_tailor,tailor,Tailoring / Fashion Designer,commerce,fashion,2,planned,individual,"[""seeded"",""claimed"",""active""]",1,0,0,0,0,1,packages/verticals-tailor,M9,Order/measurement management; delivery tracking
vtx_event_hall,event-hall,Event Hall / Venue,place,events,2,planned,place,"[""seeded"",""claimed"",""active""]",1,0,1,0,0,0,packages/verticals-event-hall,M9,Booking calendar; capacity management; catering coordination
vtx_event_planner,event-planner,Event Planner / MC,professional,events,2,planned,individual,"[""seeded"",""claimed"",""active""]",1,0,0,0,0,1,packages/verticals-event-planner,M9,Portfolio; booking; vendor coordination
vtx_security_co,security-company,Security Company / Guard Service,commerce,security,2,planned,organization,"[""seeded"",""claimed"",""cac_verified"",""active""]",2,0,1,0,0,0,packages/verticals-security-company,M9,Guard roster; patrol schedules; client contracts
vtx_construction,construction,Construction Firm / Contractor,commerce,construction,2,planned,organization,"[""seeded"",""claimed"",""cac_verified"",""active""]",2,0,1,0,0,0,packages/verticals-construction,M9,Project management; materials; milestone billing
vtx_real_estate_agency,real-estate-agency,Real Estate Agency,commerce,real-estate,2,planned,organization,"[""seeded"",""claimed"",""cac_verified"",""active""]",2,0,1,0,0,0,packages/verticals-real-estate-agency,M9,Property listings; landlord/tenant management
vtx_property_developer,property-developer,Property Developer,commerce,real-estate,2,planned,organization,"[""seeded"",""claimed"",""cac_verified"",""active""]",3,0,1,0,0,0,packages/verticals-property-developer,M9,Development projects; off-plan sales; subscriber management
vtx_cleaning_service,cleaning-service,Cleaning Service,commerce,facility-services,2,planned,organization,"[""seeded"",""claimed"",""active""]",1,0,0,0,0,0,packages/verticals-cleaning-service,M9,Booking; recurring contracts; staff management
vtx_print_shop,print-shop,Printing & Branding Shop,commerce,print-media,2,planned,organization,"[""seeded"",""claimed"",""active""]",1,0,0,0,0,0,packages/verticals-print-shop,M9,Order management; artwork upload; delivery
vtx_electronics_repair,electronics-repair,Electronics Repair Shop,commerce,repair-services,2,planned,organization,"[""seeded"",""claimed"",""active""]",1,0,0,0,0,0,packages/verticals-electronics-repair,M9,Job tickets; parts inventory; warranty tracking
vtx_food_vendor,food-vendor,Food Vendor / Street Food,commerce,food-micro,2,planned,individual,"[""seeded"",""claimed"",""active""]",1,0,0,0,0,1,packages/verticals-food-vendor,M9,Daily menu; location broadcast; WhatsApp orders
vtx_catering,catering,Catering Service,commerce,food-service,2,planned,organization,"[""seeded"",""claimed"",""active""]",1,0,0,0,0,0,packages/verticals-catering,M9,Event catering quotes; menu builder; logistics
vtx_bakery,bakery,Bakery / Confectionery,commerce,food-production,2,planned,organization,"[""seeded"",""claimed"",""active""]",1,0,0,0,0,0,packages/verticals-bakery,M9,Product catalog; pre-orders; delivery scheduling
vtx_farm,farm,Farm / Agricultural Producer,agricultural,production,2,planned,organization,"[""seeded"",""claimed"",""active""]",1,0,0,0,0,0,packages/verticals-farm,M10,Harvest calendar; buyer marketplace; input management
vtx_agro_input,agro-input,Agro-Input Dealer,agricultural,inputs,2,planned,organization,"[""seeded"",""claimed"",""active""]",1,0,1,0,0,0,packages/verticals-agro-input,M10,Fertilizer/seed stock; farmer credit; seasonal demand
vtx_cold_room,cold-room,Cold Room / Storage Facility,agricultural,post-harvest,2,planned,place,"[""seeded"",""claimed"",""active""]",1,0,1,0,0,0,packages/verticals-cold-room,M10,Slot booking; temperature monitoring; produce tracking
vtx_logistics_delivery,logistics-delivery,Logistics & Delivery (Last-Mile),transport,last-mile,2,planned,organization,"[""seeded"",""claimed"",""frsc_verified"",""active""]",1,1,1,0,0,0,packages/verticals-logistics-delivery,M9,Parcel tracking; rider network; COD management
vtx_dispatch_rider,dispatch-rider,Dispatch Rider Network,transport,last-mile,2,planned,organization,"[""seeded"",""claimed"",""frsc_verified"",""active""]",1,1,0,0,0,0,packages/verticals-dispatch-rider,M9,Rider onboarding; job assignment; earnings tracking
vtx_courier,courier,Courier Service,transport,courier,2,planned,organization,"[""seeded"",""claimed"",""cac_verified"",""active""]",1,1,1,0,0,0,packages/verticals-courier,M9,Waybill management; package tracking; interstate routes
vtx_warehouse,warehouse,Warehouse Operator,place,logistics,2,planned,place,"[""seeded"",""claimed"",""cac_verified"",""active""]",2,0,1,0,0,0,packages/verticals-warehouse,M10,Inventory slots; client billing; receiving/dispatch logs
vtx_clearing_agent,clearing-agent,Clearing & Forwarding Agent,transport,trade-logistics,2,planned,organization,"[""seeded"",""claimed"",""cac_verified"",""active""]",3,0,1,0,0,0,packages/verticals-clearing-agent,M10,SON/NAFDAC/customs documentation; port tracking
vtx_savings_group,savings-group,Thrift / Ajo / Esusu Group,financial,informal-finance,2,planned,organization,"[""seeded"",""claimed"",""members_enrolled"",""active""]",2,0,0,0,1,0,packages/verticals-savings-group,M9,Contribution cycles; payout calendar; member ledger
vtx_insurance_agent,insurance-agent,Insurance Agent / Broker,financial,insurance,2,planned,individual,"[""seeded"",""claimed"",""naicom_verified"",""active""]",2,0,0,0,0,0,packages/verticals-insurance-agent,M10,Policy management; claims filing; renewal reminders
vtx_travel_agent,travel-agent,Travel Agent / Tour Operator,commerce,travel,2,planned,organization,"[""seeded"",""claimed"",""active""]",1,0,1,0,0,0,packages/verticals-travel-agent,M10,Flight/hotel booking; tour packages; group travel
vtx_photography,photography,Photography / Videography Studio,creator,visual-media,2,planned,individual,"[""seeded"",""claimed"",""active""]",1,0,0,0,0,1,packages/verticals-photography-studio,M9,Portfolio; booking; digital product delivery
vtx_music_studio,music-studio,Music Studio / Recording Artist,creator,audio,2,planned,individual,"[""seeded"",""claimed"",""active""]",1,0,0,0,0,1,packages/verticals-music-studio,M9,Studio booking; artist profile; release management
vtx_fashion_brand,fashion-brand,Fashion Brand / Clothing Label,creator,fashion,2,planned,organization,"[""seeded"",""claimed"",""active""]",1,0,0,0,0,1,packages/verticals-fashion-brand,M9,Product catalog; lookbook; wholesale ordering
vtx_furniture_maker,furniture-maker,Furniture Maker / Wood Workshop,commerce,manufacturing,2,planned,organization,"[""seeded"",""claimed"",""active""]",1,0,0,0,0,0,packages/verticals-furniture-maker,M10,Order management; custom design quotes; delivery
vtx_welding_fab,welding-fabrication,Welding / Fabrication Shop,commerce,manufacturing,2,planned,individual,"[""seeded"",""claimed"",""active""]",1,0,0,0,0,0,packages/verticals-welding-fabrication,M10,Job orders; material sourcing; client management
vtx_handyman,handyman,Plumber / Electrician / Handyman,professional,trades,2,planned,individual,"[""seeded"",""claimed"",""active""]",1,0,0,0,0,1,packages/verticals-handyman,M9,Job requests; area coverage; ratings; payment
vtx_generator_repair,generator-repair,Generator Repair / HVAC Technician,professional,technical-services,2,planned,individual,"[""seeded"",""claimed"",""active""]",1,0,0,0,0,0,packages/verticals-generator-repair,M10,Service visits; parts inventory; maintenance schedules
vtx_it_support,it-support,IT Support / Computer Repair,professional,technology,2,planned,individual,"[""seeded"",""claimed"",""active""]",1,0,0,0,0,1,packages/verticals-it-support,M9,Ticket management; remote support; SLA contracts
vtx_bookshop,bookshop,Bookshop / Stationery Store,commerce,retail,2,planned,organization,"[""seeded"",""claimed"",""active""]",1,0,0,0,0,0,packages/verticals-bookshop,M10,Catalog; school supply seasons; online orders
vtx_training_institute,training-institute,Training Institute / Vocational School,education,vocational,2,planned,organization,"[""seeded"",""claimed"",""cac_verified"",""active""]",1,0,1,0,1,0,packages/verticals-training-institute,M9,Course catalog; enrollment; certificates
vtx_driving_school,driving-school,Driving School,education,transport-training,2,planned,organization,"[""seeded"",""claimed"",""frsc_verified"",""active""]",1,1,1,0,0,0,packages/verticals-driving-school,M9,Student scheduling; FRSC test prep; license tracking
vtx_sports_academy,sports-academy,Sports Academy / Fitness Centre,health,sports,2,planned,organization,"[""seeded"",""claimed"",""active""]",1,0,0,0,1,0,packages/verticals-sports-academy,M10,Membership; class scheduling; coach profiles
vtx_gym,gym,Gym / Wellness Centre,health,fitness,2,planned,organization,"[""seeded"",""claimed"",""active""]",1,0,0,0,0,0,packages/verticals-gym,M10,Membership plans; class booking; equipment management
vtx_spa,spa,Spa / Massage Parlour,commerce,personal-care,2,planned,organization,"[""seeded"",""claimed"",""active""]",1,0,0,0,0,0,packages/verticals-spa,M10,Treatment menu; appointment booking; gift vouchers
vtx_optician,optician,Optician / Eye Clinic,health,specialist-care,2,planned,organization,"[""seeded"",""claimed"",""license_verified"",""active""]",2,0,1,0,0,0,packages/verticals-optician,M10,Eye test booking; prescription management; frame catalog
vtx_dental_clinic,dental-clinic,Dental Clinic / Orthodontist,health,specialist-care,2,planned,organization,"[""seeded"",""claimed"",""license_verified"",""active""]",2,0,1,0,0,0,packages/verticals-dental-clinic,M10,Appointment booking; treatment plans; x-ray records
vtx_vet_clinic,vet-clinic,Veterinary Clinic / Pet Shop,health,veterinary,2,planned,organization,"[""seeded"",""claimed"",""license_verified"",""active""]",2,0,1,0,0,0,packages/verticals-vet-clinic,M10,Pet records; appointment scheduling; vaccine reminders
vtx_florist,florist,Florist / Garden Centre,commerce,retail,2,planned,organization,"[""seeded"",""claimed"",""active""]",1,0,0,0,0,0,packages/verticals-florist,M10,Occasion-based catalog; delivery; subscription flowers
vtx_wholesale_market,wholesale-market,Wholesale Market (Onitsha/Alaba/Ladipo),place,wholesale,2,planned,place,"[""seeded"",""claimed"",""active""]",1,0,0,0,0,0,packages/verticals-wholesale-market,M9,Multi-vendor; bulk order management; price discovery
vtx_gas_distributor,gas-distributor,Gas / LPG Distributor,commerce,energy,2,planned,organization,"[""seeded"",""claimed"",""dpra_verified"",""active""]",2,0,1,0,0,0,packages/verticals-gas-distributor,M9,Cylinder tracking; delivery routes; dealer network
vtx_water_treatment,water-treatment,Water Treatment / Borehole Operator,place,utilities,2,planned,organization,"[""seeded"",""claimed"",""active""]",1,0,1,0,0,0,packages/verticals-water-treatment,M10,Supply zones; billing; quality certificates
vtx_waste_management,waste-management,Waste Management / Recycler,civic,environment,2,planned,organization,"[""seeded"",""claimed"",""active""]",1,0,1,0,0,0,packages/verticals-waste-management,M10,Pickup schedules; route management; recycling tonnage
vtx_solar_installer,solar-installer,Solar / Renewable Energy Installer,commerce,energy,2,planned,organization,"[""seeded"",""claimed"",""cac_verified"",""active""]",2,0,1,0,0,0,packages/verticals-solar-installer,M10,Site assessment; installation tracking; warranty management
vtx_advertising_agency,advertising-agency,Advertising Agency,media,marketing,2,planned,organization,"[""seeded"",""claimed"",""cac_verified"",""active""]",2,0,1,0,0,0,packages/verticals-advertising-agency,M10,Campaign management; media buying; creative portfolio
vtx_mosque,mosque,Mosque / Islamic Centre,civic,religious,3,planned,organization,"[""seeded"",""claimed"",""community_active"",""active""]",1,0,0,1,1,0,packages/verticals-mosque,M8d,Juma'ah scheduling; zakat management; community platform
vtx_youth_org,youth-organization,Youth Organization / Student Union,civic,youth,3,planned,organization,"[""seeded"",""claimed"",""it_verified"",""active""]",1,0,0,1,1,1,packages/verticals-youth-organization,M8d,Membership; elections; event coordination
vtx_womens_assoc,womens-association,Women's Association / Forum,civic,gender,3,planned,organization,"[""seeded"",""claimed"",""active""]",1,0,0,0,1,0,packages/verticals-womens-association,M8d,Membership; programs; savings groups
vtx_professional_assoc,professional-association,Professional Association (NBA/NMA/ICAN),civic,professional-body,3,planned,organization,"[""seeded"",""claimed"",""cac_verified"",""active""]",2,0,1,0,1,0,packages/verticals-professional-association,M9,Member directory; CPD management; dues collection
vtx_campaign_office,campaign-office,Political Campaign Office,politics,campaign,3,planned,organization,"[""seeded"",""claimed"",""active""]",2,0,0,0,1,1,packages/verticals-campaign-office,M8b,Volunteer coordination; donor management; ward coverage
vtx_govt_agency,government-agency,Government Agency / Parastatal,institutional,government,3,planned,organization,"[""seeded"",""claimed"",""active""]",1,0,0,0,0,0,packages/verticals-government-agency,M11,Public service directory; complaint management
vtx_lga_office,lga-office,Local Government Council / Ward Office,politics,local-govt,3,planned,place,"[""seeded"",""claimed"",""active""]",1,0,0,0,0,0,packages/verticals-lga-office,M8b,Ward service directory; official contacts; public notices
vtx_nurtw,road-transport-union,Road Transport Workers Union (NURTW),transport,union,2,planned,organization,"[""seeded"",""claimed"",""active""]",1,0,0,0,1,0,packages/verticals-road-transport-union,M8c,Member management; levy collection; route assignments
vtx_okada_keke,okada-keke,Okada / Keke Rider Co-op,transport,micro-transport,3,planned,organization,"[""seeded"",""claimed"",""frsc_verified"",""active""]",1,1,0,0,0,0,packages/verticals-okada-keke,M8c,Rider registration; earnings tracking; safety compliance
vtx_ferry,ferry,Ferry / Water Transport Operator,transport,water-transport,3,planned,organization,"[""seeded"",""claimed"",""nimasa_verified"",""active""]",2,0,1,0,0,0,packages/verticals-ferry,M9,Route management; ticketing; safety manifest
vtx_airport_shuttle,airport-shuttle,Airport Shuttle Service,transport,air-ground,3,planned,organization,"[""seeded"",""claimed"",""frsc_verified"",""active""]",1,1,1,0,0,0,packages/verticals-airport-shuttle,M9,Booking; flight tracking; fleet dispatch
vtx_container_depot,container-depot,Container Depot / Logistics Hub,transport,port-logistics,3,planned,place,"[""seeded"",""claimed"",""cac_verified"",""active""]",3,0,1,0,0,0,packages/verticals-container-depot,M10,Container tracking; storage billing; haulier assignments
vtx_airtime_reseller,airtime-reseller,Airtime / VTU Reseller,financial,telco,3,planned,individual,"[""seeded"",""claimed"",""active""]",1,0,0,0,0,0,packages/verticals-airtime-reseller,M9,Balance management; transaction history; agent network
vtx_mobile_money_agent,mobile-money-agent,Mobile Money / POS Agent,financial,payments,3,planned,individual,"[""seeded"",""claimed"",""active""]",2,0,0,0,0,0,packages/verticals-mobile-money-agent,M9,Float management; transaction limits; daily reconciliation
vtx_bureau_de_change,bureau-de-change,Bureau de Change / FX Dealer,financial,forex,3,planned,organization,"[""seeded"",""claimed"",""cbn_licensed"",""active""]",3,0,1,0,0,0,packages/verticals-bureau-de-change,M10,Rate publishing; transaction management; CBN reporting
vtx_used_car_dealer,used-car-dealer,Used Car Dealer / Auto Trader,commerce,automotive,3,planned,organization,"[""seeded"",""claimed"",""active""]",1,0,0,0,0,0,packages/verticals-used-car-dealer,M10,Vehicle listings; FRSC check integration; negotiation chat
vtx_spare_parts,spare-parts,Spare Parts Dealer (Ladipo/Nnewi),commerce,automotive,3,planned,organization,"[""seeded"",""claimed"",""active""]",1,0,0,0,0,0,packages/verticals-spare-parts,M10,Parts catalog; compatibility search; bulk ordering
vtx_tyre_shop,tyre-shop,Tyre Shop / Vulcanizer,commerce,automotive,3,planned,organization,"[""seeded"",""claimed"",""active""]",1,0,0,0,0,0,packages/verticals-tyre-shop,M10,Service booking; stock management; mobile service
vtx_car_wash,car-wash,Car Wash / Detailing,commerce,auto-services,3,planned,organization,"[""seeded"",""claimed"",""active""]",1,0,0,0,0,0,packages/verticals-car-wash,M10,Queue management; loyalty cards; membership plans
vtx_building_materials,building-materials,Building Materials Supplier,commerce,construction,3,planned,organization,"[""seeded"",""claimed"",""active""]",1,0,1,0,0,0,packages/verticals-building-materials,M10,Product catalog; delivery; credit accounts
vtx_iron_steel,iron-steel,Iron & Steel / Roofing Merchant,commerce,construction,3,planned,organization,"[""seeded"",""claimed"",""active""]",1,0,1,0,0,0,packages/verticals-iron-steel,M10,Price lists; cut-to-size orders; delivery tracking
vtx_electrical_fittings,electrical-fittings,Electrical Fittings Dealer,commerce,hardware,3,planned,organization,"[""seeded"",""claimed"",""active""]",1,0,0,0,0,0,packages/verticals-electrical-fittings,M10,Product catalog; contractor accounts; bulk pricing
vtx_poultry_farm,poultry-farm,Poultry Farm / Aquaculture,agricultural,livestock,3,planned,organization,"[""seeded"",""claimed"",""active""]",1,0,0,0,0,0,packages/verticals-poultry-farm,M10,Flock management; feed tracking; market sales
vtx_cassava_miller,cassava-miller,Cassava / Maize / Rice Miller,agricultural,processing,3,planned,organization,"[""seeded"",""claimed"",""active""]",1,0,0,0,0,0,packages/verticals-cassava-miller,M10,Processing orders; farmer supply chain; output sales
vtx_fish_market,fish-market,Fish Market / Fishmonger,agricultural,food-market,3,planned,place,"[""seeded"",""claimed"",""active""]",1,0,0,0,0,0,packages/verticals-fish-market,M10,Daily catch pricing; pre-orders; cold storage integration
vtx_abattoir,abattoir,Abattoir / Meat Processing,agricultural,food-processing,3,planned,place,"[""seeded"",""claimed"",""nafdac_verified"",""active""]",2,0,1,0,0,0,packages/verticals-abattoir,M10,Slaughter scheduling; hygiene certification; meat distribution
vtx_community_radio,community-radio,Community Radio / TV Station,media,broadcast,3,planned,organization,"[""seeded"",""claimed"",""nbc_licensed"",""active""]",2,0,1,0,1,0,packages/verticals-community-radio,M11,Programming schedule; community notices; ad management
vtx_newspaper_dist,newspaper-distribution,Newspaper Distribution Agency,media,print,3,planned,organization,"[""seeded"",""claimed"",""active""]",1,0,0,0,0,0,packages/verticals-newspaper-dist,M11,Route management; returns tracking; agent network
vtx_tax_consultant,tax-consultant,Tax Consultant / Revenue Agent,professional,financial-services,3,planned,individual,"[""seeded"",""claimed"",""ican_verified"",""active""]",2,0,0,0,0,0,packages/verticals-tax-consultant,M10,Client management; filing calendar; FIRS compliance
vtx_land_surveyor,land-surveyor,Land Surveyor / Registry Agent,professional,real-estate,3,planned,individual,"[""seeded"",""claimed"",""surcon_verified"",""active""]",3,0,0,0,0,0,packages/verticals-land-surveyor,M10,Survey assignments; land documentation; CAD reports
vtx_private_school,private-school,Private School Operator,education,private-school,3,planned,organization,"[""seeded"",""claimed"",""state_verified"",""active""]",1,0,1,0,1,0,packages/verticals-private-school,M9,Student management; fee collection; result management
vtx_tutoring,tutoring,Tutoring / Lesson Teacher,education,private-tutoring,3,planned,individual,"[""seeded"",""claimed"",""active""]",1,0,0,0,0,1,packages/verticals-tutoring,M9,Subject catalog; booking; student progress tracking
vtx_creche,creche,Crèche / Day Care Centre,education,early-childhood,3,planned,organization,"[""seeded"",""claimed"",""state_verified"",""active""]",1,0,1,0,0,0,packages/verticals-creche,M10,Enrollment; daily reports; parent communication
vtx_wedding_planner,wedding-planner,Wedding Planner / Celebrant,professional,events,3,planned,individual,"[""seeded"",""claimed"",""active""]",1,0,0,0,0,1,packages/verticals-wedding-planner,M10,Vendor coordination; timeline management; client portal
vtx_funeral_home,funeral-home,Burial / Funeral Home,professional,memorial,3,planned,organization,"[""seeded"",""claimed"",""cac_verified"",""active""]",1,0,1,0,0,0,packages/verticals-funeral-home,M11,Service packages; memorial pages; logistics
vtx_community_hall,community-hall,Community Hall / Town Hall,place,civic-place,3,planned,place,"[""seeded"",""claimed"",""active""]",1,0,0,0,0,0,packages/verticals-community-hall,M11,Booking calendar; event management; community notices
vtx_produce_aggregator,produce-aggregator,Produce Storage / Market Aggregator,agricultural,supply-chain,3,planned,organization,"[""seeded"",""claimed"",""active""]",1,0,1,0,0,0,packages/verticals-produce-aggregator,M10,Farmer onboarding; produce grading; buyer marketplace
vtx_hire_purchase,hire-purchase,Hire Purchase / Asset Finance,financial,credit,3,planned,organization,"[""seeded"",""claimed"",""cac_verified"",""active""]",3,0,1,0,0,0,packages/verticals-hire-purchase,M11,Asset catalog; repayment schedule; default management
vtx_govt_school,govt-school,Government School Management,education,public-school,3,planned,organization,"[""seeded"",""claimed"",""active""]",1,0,0,0,0,0,packages/verticals-govt-school,M11,Student enrollment; teacher management; performance reporting
vtx_community_health,community-health,Community Health Worker (CHW) Network,health,primary-care,3,planned,organization,"[""seeded"",""claimed"",""active""]",1,0,0,0,0,0,packages/verticals-community-health,M11,Patient registry; referral management; immunization tracking
vtx_sports_club,sports-club,Sports Club / Amateur League,civic,sports,3,planned,organization,"[""seeded"",""claimed"",""active""]",1,0,0,0,1,1,packages/verticals-sports-club,M10,Team management; fixture scheduling; fan community
vtx_book_club,book-club,Book Club / Reading Circle,civic,education,3,planned,organization,"[""seeded"",""claimed"",""active""]",1,0,0,0,1,0,packages/verticals-book-club,M11,Meeting scheduling; reading list; member discussions
vtx_talent_agency,talent-agency,Talent Agency / Model Agency,creator,representation,3,planned,organization,"[""seeded"",""claimed"",""cac_verified"",""active""]",2,0,1,0,0,1,packages/verticals-talent-agency,M10,Talent roster; casting calls; booking management
vtx_recording_label,recording-label,Record Label / Music Publisher,creator,music,3,planned,organization,"[""seeded"",""claimed"",""cac_verified"",""active""]",2,0,1,0,1,1,packages/verticals-recording-label,M10,Artist roster; release management; royalty tracking
vtx_podcast_studio,podcast-studio,Podcast Studio / Audio Platform,creator,audio,3,planned,organization,"[""seeded"",""claimed"",""active""]",1,0,0,0,1,1,packages/verticals-podcast-studio,M10,Episode management; listener analytics; monetization
vtx_rehab_centre,rehab-centre,Rehabilitation / Recovery Centre,health,mental-health,3,planned,organization,"[""seeded"",""claimed"",""health_license"",""active""]",2,0,1,0,0,0,packages/verticals-rehab-centre,M11,Patient intake; treatment programs; family updates
vtx_orphanage,orphanage,Orphanage / Child Care NGO,civic,welfare,3,planned,organization,"[""seeded"",""claimed"",""it_verified"",""active""]",1,0,0,1,0,0,packages/verticals-orphanage,M11,Child records; donor management; welfare programs
vtx_elderly_care,elderly-care,Elderly Care Facility,health,care,3,planned,organization,"[""seeded"",""claimed"",""cac_verified"",""active""]",1,0,1,0,0,0,packages/verticals-elderly-care,M11,Resident management; family portal; care plans
vtx_motivational_speaker,motivational-speaker,Motivational Speaker / Training Firm,creator,personal-development,3,planned,individual,"[""seeded"",""claimed"",""active""]",1,0,0,0,1,1,packages/verticals-motivational-speaker,M10,Booking; course catalog; speaking engagements
vtx_startup,startup,Startup / Early-Stage Company,professional,technology,3,planned,organization,"[""seeded"",""claimed"",""cac_verified"",""active""]",1,0,1,0,1,1,packages/verticals-startup,M9,Team directory; investor deck; product updates
vtx_mining_operator,artisanal-mining,Artisanal Mining Operator,commerce,extractives,3,planned,organization,"[""seeded"",""claimed"",""mines_verified"",""active""]",3,0,1,0,0,0,packages/verticals-artisanal-mining,M11,Mining license; production tracking; buyer connections
vtx_oil_gas_service,oil-gas-services,Oil & Gas Service Provider,commerce,energy,3,planned,organization,"[""seeded"",""claimed"",""dpr_verified"",""active""]",3,0,1,0,0,0,packages/verticals-oil-gas-services,M11,DPR license; contract management; crew scheduling
vtx_borehole_driller,borehole-driller,Borehole Drilling Company,commerce,utilities,3,planned,organization,"[""seeded"",""claimed"",""active""]",1,0,1,0,0,0,packages/verticals-borehole-driller,M11,Project proposals; drilling logs; maintenance contracts
vtx_paints_distributor,paints-distributor,Paints & Coatings Distributor,commerce,hardware,3,planned,organization,"[""seeded"",""claimed"",""active""]",1,0,0,0,0,0,packages/verticals-paints-distributor,M11,Color catalog; contractor pricing; area coverage
vtx_vegetable_garden,vegetable-garden,Vegetable Garden / Horticulture,agricultural,urban-farming,3,planned,individual,"[""seeded"",""claimed"",""active""]",1,0,0,0,0,1,packages/verticals-vegetable-garden,M11,Seasonal produce; direct-to-consumer; subscription boxes
vtx_shoemaker,shoemaker,Shoe Cobbler / Shoe Maker,commerce,fashion,3,planned,individual,"[""seeded"",""claimed"",""active""]",1,0,0,0,0,0,packages/verticals-shoemaker,M10,Order management; custom designs; repair tracking
vtx_palm_oil,palm-oil-trader,Palm Oil Producer / Trader,agricultural,commodities,3,planned,organization,"[""seeded"",""claimed"",""active""]",1,0,0,0,0,0,packages/verticals-palm-oil,M11,Production tracking; buyer marketplace; pricing
vtx_cocoa_export,cocoa-exporter,Cocoa / Export Commodities Trader,agricultural,export,3,planned,organization,"[""seeded"",""claimed"",""cac_verified"",""active""]",3,0,1,0,0,0,packages/verticals-cocoa-exporter,M11,Export documentation; quality grading; buyer connections
vtx_polling_unit_rep,polling-unit-rep,Polling Unit Representative,politics,electoral,3,planned,individual,"[""seeded"",""claimed"",""active""]",1,0,0,0,0,0,packages/verticals-polling-unit,M8b,Voter mobilization; ward-level organizing
vtx_constituency_office,constituency-office,Constituency Development Office,politics,elected-office,3,planned,place,"[""seeded"",""claimed"",""active""]",1,0,0,0,0,0,packages/verticals-constituency-office,M8b,Projects tracking; constituent services; office contacts — DIFFERENTIATE: constituency office as place/service entity; use house-of-reps-member-official-site or house-of-assembly-member-official-site for the individual MP/HASM personal site
vtx_market_association,market-association,Market Leaders / Traders Association,civic,trade,3,planned,organization,"[""seeded"",""claimed"",""active""]",1,0,0,0,1,0,packages/verticals-market-association,M9,Levy collection; market rules; vendor mediation
vtx_cargo_truck,cargo-truck,Cargo Truck Owner / Fleet Operator,transport,freight,3,planned,individual,"[""seeded"",""claimed"",""frsc_verified"",""active""]",1,1,0,0,0,0,packages/verticals-cargo-truck,M9,Load board; route management; earnings tracking
vtx_motorcycle_shop,motorcycle-accessories,Motorcycle Accessories Shop,commerce,automotive,3,planned,organization,"[""seeded"",""claimed"",""active""]",1,0,0,0,0,0,packages/verticals-motorcycle-accessories,M10,Parts catalog; bike servicing; rider community
vtx_food_processing,food-processing,Food Processing Factory,agricultural,processing,3,planned,organization,"[""seeded"",""claimed"",""nafdac_verified"",""active""]",2,0,1,0,0,0,packages/verticals-food-processing,M11,Production scheduling; NAFDAC compliance; distribution
vtx_pr_firm,pr-firm,Public Relations Firm,professional,communications,3,planned,organization,"[""seeded"",""claimed"",""cac_verified"",""active""]",2,0,1,0,0,0,packages/verticals-pr-firm,M11,Client management; media coverage; campaign reporting
vtx_internet_cafe,internet-cafe,Internet Café / Business Centre,commerce,digital-services,3,planned,organization,"[""seeded"",""claimed"",""active""]",1,0,0,0,0,0,packages/verticals-internet-cafe,M10,Workstation booking; printing services; hourly billing
vtx_plumbing_supplies,plumbing-supplies,Plumbing Supplies Dealer,commerce,hardware,3,planned,organization,"[""seeded"",""claimed"",""active""]",1,0,0,0,0,0,packages/verticals-plumbing-supplies,M11,Product catalog; contractor accounts; bulk pricing
vtx_ministry_mission,ministry-mission,Ministry / Apostolic Mission / Outreach,civic,religious,3,planned,organization,"[""seeded"",""claimed"",""it_verified"",""active""]",1,0,0,1,1,1,packages/verticals-ministry-mission,M8d,Outreach programs; donation management; community
vtx_laundry_service,laundry-service,Laundromat / Laundry Service,commerce,cleaning-services,3,planned,organization,"[""seeded"",""claimed"",""active""]",1,0,0,0,0,0,packages/verticals-laundry-service,M10,Order management; pickup/delivery; pricing by weight
vtx_gym_fitness,gym-fitness,Gym / Fitness Centre,commerce,health-wellness,3,deprecated,organization,"[""seeded"",""claimed"",""active""]",1,0,1,0,1,0,packages/verticals-gym-fitness,M10,Membership plans; class schedules; trainer directory
vtx_hair_salon,hair-salon,Hair Salon / Barbing Salon,commerce,beauty,3,planned,individual,"[""seeded"",""claimed"",""active""]",1,0,0,0,0,1,packages/verticals-hair-salon,M10,Appointment booking; stylist portfolio; loyalty rewards
vtx_printing_press,printing-press,Printing Press / Design Studio,commerce,media-services,3,planned,organization,"[""seeded"",""claimed"",""active""]",1,0,0,0,0,0,packages/verticals-printing-press,M10,Order management; design uploads; bulk pricing
vtx_cleaning_company,cleaning-company,Cleaning & Facility Management Company,commerce,cleaning-services,3,planned,organization,"[""seeded"",""claimed"",""cac_verified"",""active""]",1,0,1,0,0,0,packages/verticals-cleaning-company,M11,Contract management; crew scheduling; client invoicing
vtx_events_centre,events-centre,Events Centre / Hall Rental,place,hospitality,3,planned,place,"[""seeded"",""claimed"",""active""]",1,0,0,0,0,0,packages/verticals-events-centre,M10,Booking calendar; capacity management; vendor directory
vtx_nursery_school,nursery-school,Nursery / Crèche / Early Childhood Centre,education,early-childhood,3,planned,organization,"[""seeded"",""claimed"",""subeb_verified"",""active""]",2,0,1,0,1,0,packages/verticals-nursery-school,M9,Enrollment management; daily reports; fee collection
vtx_petrol_station,petrol-station,Petrol Station / Filling Station,commerce,energy,3,deprecated,place,"[""seeded"",""claimed"",""dpr_verified"",""active""]",2,0,1,0,0,0,packages/verticals-petrol-station,M11,Pump management; inventory; DPR compliance
vtx_generator_dealer,generator-dealer,Generator Sales & Service Centre,commerce,electrical,3,planned,organization,"[""seeded"",""claimed"",""active""]",1,0,0,0,0,0,packages/verticals-generator-dealer,M11,Product catalog; service records; warranty tracking
vtx_water_vendor,water-vendor,Water Tanker / Sachet Water Producer,commerce,utilities,3,planned,organization,"[""seeded"",""claimed"",""nafdac_verified"",""active""]",1,0,0,0,0,0,packages/verticals-water-vendor,M11,Delivery scheduling; route management; NAFDAC compliance
vtx_tailoring,tailoring-fashion,Tailor / Fashion Designer Atelier,commerce,fashion,3,planned,individual,"[""seeded"",""claimed"",""active""]",1,0,0,0,0,1,packages/verticals-tailoring-fashion,M10,Measurement profiles; order tracking; collection showcase
vtx_phone_repair,phone-repair-shop,Phone Repair & Accessories Shop,commerce,electronics,3,planned,individual,"[""seeded"",""claimed"",""active""]",1,0,0,0,0,0,packages/verticals-phone-repair-shop,M10,Repair job tracking; parts inventory; warranty records
vtx_pharmacy_chain,pharmacy-chain,Pharmacy Chain / Drugstore,health,pharmaceutical,2,planned,organization,"[""seeded"",""claimed"",""pcn_verified"",""active""]",2,0,1,0,0,0,packages/verticals-pharmacy-chain,M9,Drug inventory; PCN compliance; prescription records
vtx_restaurant_chain,restaurant-chain,Restaurant / Food Chain Outlet,commerce,food-beverage,2,planned,organization,"[""seeded"",""claimed"",""nafdac_verified"",""active""]",1,0,1,0,0,1,packages/verticals-restaurant-chain,M9,Menu management; table reservations; delivery integration
vtx_law_firm,law-firm,Law Firm / Legal Practice,professional,legal,2,planned,organization,"[""seeded"",""claimed"",""nba_verified"",""active""]",2,0,1,0,0,0,packages/verticals-law-firm,M9,Client matter management; billing; court calendar
vtx_accounting_firm,accounting-firm,Accounting Firm / Audit Practice,professional,financial-services,2,planned,organization,"[""seeded"",""claimed"",""ican_verified"",""active""]",2,0,1,0,0,0,packages/verticals-accounting-firm,M9,Client engagements; tax filing calendar; ICAN compliance
vtx_ward_rep,ward-rep,Ward Representative,politics,local-government,2,planned,individual,"[""seeded"",""claimed"",""candidate"",""elected"",""in_office"",""post_office""]",2,0,0,0,1,1,packages/verticals-ward-rep,M8b,Ward-level political representative; inherits from politician pattern — DIFFERENTIATE: generic ward service delivery rep; ward-councillor-official-site is the SIEC-elected legislative councillor (NF-POL-ELC); use ward-rep for appointed/service delivery ward reps without electoral mandate
vtx_nurtw_specialized,nurtw,NURTW (Road Transport Workers Union),transport,union,2,deprecated,organization,"[""seeded"",""claimed"",""registered"",""active""]",2,1,1,0,0,0,packages/verticals-nurtw,M8c,NURTW local chapter; overlaps road-transport-union as specialized variant
vtx_bank_branch,bank-branch,Bank Branch / ATM Location,financial,banking,2,planned,organization,"[""seeded"",""claimed"",""active""]",2,0,1,0,0,0,packages/verticals-bank-branch,M9,Branch locator; hours; ATM availability; CBN parent institution link
vtx_hospital_secondary_care,hospital-secondary-care,Hospital / Secondary Care,health,secondary-care,2,planned,organization,"[""seeded"",""claimed"",""active""]",3,0,1,0,0,0,packages/verticals-hospital,M9,Secondary care hospital; ward management; specialist referrals
vtx_diagnostic_lab,diagnostic-lab,Diagnostic Laboratory,health,diagnostics,2,planned,organization,"[""seeded"",""claimed"",""active""]",2,0,1,0,0,0,packages/verticals-diagnostic-lab,M9,Medical lab services; result turnaround; home sample collection
vtx_physiotherapy,physiotherapy,Physiotherapy Clinic,health,allied-health,2,planned,organization,"[""seeded"",""claimed"",""active""]",2,0,1,0,0,0,packages/verticals-physiotherapy,M9,Physio sessions; rehab programs; home visit booking
vtx_mental_health,mental-health,Mental Health / Counselling Centre,health,mental-health,2,planned,organization,"[""seeded"",""claimed"",""active""]",2,0,1,0,0,0,packages/verticals-mental-health,M9,Counselling; teletherapy; psychologist profiles
vtx_maternity_clinic,maternity-clinic,Maternity Clinic / Birthing Centre,health,maternity,2,planned,organization,"[""seeded"",""claimed"",""active""]",2,0,1,0,0,0,packages/verticals-maternity-clinic,M9,Antenatal care; delivery packages; postnatal follow-up
vtx_university,university,University / Higher Education,education,tertiary,2,planned,organization,"[""seeded"",""claimed"",""active""]",2,0,1,0,0,0,packages/verticals-university,M9,Faculty listings; course catalogue; JAMB/WAEC cut-offs
vtx_exam_prep_centre,exam-prep-centre,Exam Prep Centre,education,exam-prep,2,planned,organization,"[""seeded"",""claimed"",""active""]",1,0,0,0,0,0,packages/verticals-exam-prep-centre,M9,WAEC/JAMB/IELTS prep; past questions; mock schedules
vtx_elearning_platform,elearning-platform,E-Learning Platform,education,online-learning,2,planned,organization,"[""seeded"",""claimed"",""active""]",1,0,0,1,0,0,packages/verticals-elearning-platform,M9,Online courses; cohort management; certificate issuance
vtx_tutorial_centre,tutorial-centre,Tutorial / Lesson Centre,education,supplementary,2,planned,organization,"[""seeded"",""claimed"",""active""]",1,0,0,0,0,0,packages/verticals-tutorial-centre,M9,Group lessons; timetable; subject-teacher profiles
vtx_tech_academy,tech-academy,Tech Academy / Coding Bootcamp,education,tech-training,2,planned,organization,"[""seeded"",""claimed"",""active""]",1,0,0,1,0,0,packages/verticals-tech-academy,M9,Cohort-based coding courses; alumni network; job placement
vtx_microfinance_bank,microfinance-bank,Microfinance Bank,financial,microfinance,2,planned,organization,"[""seeded"",""claimed"",""cbn_licensed"",""active""]",3,0,1,0,0,0,packages/verticals-microfinance-bank,M9,CBN-licensed MFB; loan products; savings accounts
vtx_insurance_company,insurance-company,Insurance Company / Underwriter,financial,insurance,2,planned,organization,"[""seeded"",""claimed"",""naicom_licensed"",""active""]",3,0,1,0,0,0,packages/verticals-insurance-company,M9,NAICOM-licensed insurer; policy types; claims portal
vtx_credit_union,credit-union,Credit Union / SACCO,financial,cooperative,2,planned,organization,"[""seeded"",""claimed"",""active""]",2,0,1,0,1,0,packages/verticals-credit-union,M9,Member savings and credit; cooperative share management
vtx_pension_fund,pension-fund,Pension Fund Administrator,financial,pensions,2,planned,organization,"[""seeded"",""claimed"",""pencom_licensed"",""active""]",3,0,1,0,0,0,packages/verticals-pension-fund,M9,PenCom-licensed PFA; RSA registration; contribution tracking
vtx_stockbroker,stockbroker,Stockbroker / Securities Dealer,financial,capital-markets,2,planned,organization,"[""seeded"",""claimed"",""sec_registered"",""active""]",3,0,1,0,0,0,packages/verticals-stockbroker,M9,SEC-registered dealer; NGX trading; portfolio statements
vtx_software_agency,software-agency,Software Development Agency,professional,technology,2,planned,organization,"[""seeded"",""claimed"",""active""]",1,0,1,0,0,0,packages/verticals-software-agency,M9,Custom software; project showcase; team profiles
vtx_architecture_firm,architecture-firm,Architecture Firm,professional,architecture,2,planned,organization,"[""seeded"",""claimed"",""arcon_registered"",""active""]",2,0,1,0,0,0,packages/verticals-architecture-firm,M9,ARCON-registered; project portfolio; 3D render gallery
vtx_recruitment_agency,recruitment-agency,Recruitment / HR Agency,professional,hr-services,2,planned,organization,"[""seeded"",""claimed"",""active""]",1,0,1,0,0,0,packages/verticals-recruitment-agency,M9,Job listings; CV submission; employer partnerships
vtx_management_consulting,management-consulting,Management Consulting Firm,professional,consulting,2,planned,organization,"[""seeded"",""claimed"",""active""]",2,0,1,0,0,0,packages/verticals-management-consulting,M9,Consulting practice areas; case studies; team bios
vtx_digital_marketing_agency,digital-marketing-agency,Digital Marketing Agency,professional,marketing,2,planned,organization,"[""seeded"",""claimed"",""active""]",1,0,1,0,0,0,packages/verticals-digital-marketing-agency,M9,Social media; SEO; paid ads; campaign portfolio
vtx_cac_registration_agent,cac-registration-agent,CAC Registration Agent,professional,regulatory-services,2,planned,individual,"[""seeded"",""claimed"",""active""]",1,0,0,0,0,0,packages/verticals-cac-registration-agent,M9,CAC business name / RC number filing; document checklist
vtx_cybersecurity_firm,cybersecurity-firm,Cybersecurity Firm,technology,cybersecurity,2,planned,organization,"[""seeded"",""claimed"",""active""]",2,0,1,0,0,0,packages/verticals-cybersecurity-firm,M9,Pen testing; SOC services; compliance consulting
vtx_data_analytics_firm,data-analytics-firm,Data Analytics Firm,technology,data-analytics,2,planned,organization,"[""seeded"",""claimed"",""active""]",2,0,1,0,0,0,packages/verticals-data-analytics-firm,M9,BI dashboards; data engineering; ML modelling services
vtx_bar_lounge,bar-lounge,Bar / Lounge,hospitality,nightlife,2,planned,organization,"[""seeded"",""claimed"",""active""]",1,0,1,0,0,0,packages/verticals-bar-lounge,M9,Drink menu; event nights; table reservation
vtx_resort,resort,Resort,hospitality,resort,2,planned,organization,"[""seeded"",""claimed"",""active""]",2,0,1,0,0,0,packages/verticals-resort,M9,Room types; leisure facilities; package bookings
vtx_vacation_rental,vacation-rental,Vacation Rental / Shortlet,hospitality,short-stay,2,planned,organization,"[""seeded"",""claimed"",""active""]",1,0,0,0,0,0,packages/verticals-vacation-rental,M9,Shortlet apartments; availability calendar; pricing tiers
vtx_food_court,food-court,Food Court / Canteen,hospitality,food-service,2,planned,organization,"[""seeded"",""claimed"",""active""]",1,0,1,0,0,0,packages/verticals-food-court,M9,Stall listings; daily menu; bulk order enquiry
vtx_coworking_space,coworking-space,Coworking Space,property,coworking,2,planned,organization,"[""seeded"",""claimed"",""active""]",1,0,1,0,0,0,packages/verticals-coworking-space,M9,Desk / office plans; amenities; virtual office
vtx_property_management,property-management,Property Management Company,property,management,2,planned,organization,"[""seeded"",""claimed"",""active""]",2,0,1,0,0,0,packages/verticals-property-management,M9,Portfolio listings; tenant enquiry; maintenance requests
vtx_student_hostel,student-hostel,Student Hostel,property,student-housing,2,planned,organization,"[""seeded"",""claimed"",""active""]",1,0,0,0,0,0,packages/verticals-student-hostel,M9,Room availability; hostel rules; payment plans
vtx_yoga_studio,yoga-studio,Yoga Studio,wellness,fitness,2,planned,organization,"[""seeded"",""claimed"",""active""]",1,0,0,0,0,0,packages/verticals-yoga-studio,M9,Class schedule; instructor profiles; membership plans
vtx_traditional_medicine,traditional-medicine,Traditional Medicine / Herbal Store,health,traditional-medicine,2,planned,organization,"[""seeded"",""claimed"",""active""]",1,0,0,0,0,0,packages/verticals-traditional-medicine,M9,Herbal products; NAFDAC compliance notes; consult booking
vtx_health_food_store,health-food-store,Health Food / Supplement Store,retail,health-food,2,planned,organization,"[""seeded"",""claimed"",""active""]",1,0,0,0,0,0,packages/verticals-health-food-store,M9,Supplement catalogue; nutrition advice; loyalty programme
vtx_electronics_store,electronics-store,Electronics Store,retail,electronics,2,planned,organization,"[""seeded"",""claimed"",""active""]",1,0,1,0,0,0,packages/verticals-electronics-store,M9,Product catalogue; warranty info; repair service
vtx_jewellery_shop,jewellery-shop,Jewellery Shop,retail,jewellery,2,planned,organization,"[""seeded"",""claimed"",""active""]",1,0,0,0,0,0,packages/verticals-jewellery-shop,M9,Collection showcase; custom orders; bespoke pricing
vtx_baby_shop,baby-shop,Baby Shop,retail,baby-products,2,planned,organization,"[""seeded"",""claimed"",""active""]",1,0,0,0,0,0,packages/verticals-baby-shop,M9,Baby gear catalogue; new-arrival alerts; registry wishlist
vtx_cosmetics_shop,cosmetics-shop,Cosmetics / Beauty Retail,retail,cosmetics,2,planned,organization,"[""seeded"",""claimed"",""active""]",1,0,0,0,0,0,packages/verticals-cosmetics-shop,M9,Product range; skin-tone matching; NAFDAC compliance
vtx_thrift_store,thrift-store,Thrift Store,retail,second-hand,2,planned,organization,"[""seeded"",""claimed"",""active""]",1,0,0,0,0,0,packages/verticals-thrift-store,M9,Second-hand items; drop-off programme; pricing transparency
vtx_governor,governor,State Governor,politics,elected-office,1,planned,individual,"[""seeded"",""claimed"",""candidate"",""elected"",""in_office"",""post_office""]",3,0,0,0,0,0,packages/verticals-governor,M8c,Executive Governor — INEC gubernatorial election; NF-POL-ELC anchor; 36 states
vtx_senator,senator,Senator,politics,elected-office,1,planned,individual,"[""seeded"",""claimed"",""candidate"",""elected"",""in_office"",""post_office""]",3,0,0,0,0,0,packages/verticals-senator,M8c,Senatorial district — INEC election; 109 senators; NF-POL-ELC variant of governor; SB-prefix bills
vtx_house_of_reps_member,house-of-reps-member,House of Representatives Member,politics,elected-office,1,planned,individual,"[""seeded"",""claimed"",""candidate"",""elected"",""in_office"",""post_office""]",3,0,0,0,0,0,packages/verticals-house-of-reps-member,M8c,Federal constituency — INEC election; 360 Reps; NF-POL-ELC variant of governor; HB-prefix bills; CDF delivery
vtx_state_commissioner,state-commissioner,State Commissioner,politics,appointed-office,2,planned,individual,"[""seeded"",""claimed"",""appointed"",""in_office"",""post_office""]",2,0,0,0,0,0,packages/verticals-state-commissioner,M8d,Gubernatorial appointment — screened by state HOA; ~720 total; NF-POL-APT anchor; no campaign mode
vtx_federal_minister,federal-minister,Federal Minister,politics,appointed-office,2,planned,individual,"[""seeded"",""claimed"",""appointed"",""in_office"",""post_office""]",2,0,0,0,0,0,packages/verticals-federal-minister,M8d,Presidential appointment — Senate screening; FEC; NF-POL-APT variant of state-commissioner; Abuja base
vtx_lga_chairman,lga-chairman,LGA Chairman,politics,elected-office,2,planned,individual,"[""seeded"",""claimed"",""candidate"",""elected"",""in_office"",""post_office""]",2,0,0,0,0,0,packages/verticals-lga-chairman,M8d,SIEC election — 774 LGAs; JAAC accountability; NF-POL-ELC variant of governor; evergreen SIEC calendar
vtx_house_of_assembly_member,house-of-assembly-member,House of Assembly Member,politics,elected-office,2,planned,individual,"[""seeded"",""claimed"",""candidate"",""elected"",""in_office"",""post_office""]",2,0,0,0,0,0,packages/verticals-house-of-assembly-member,M8d,State constituency — INEC election; state HOA; NF-POL-ELC variant of governor; CDF delivery tracker
vtx_presidential_candidate,presidential-candidate,Presidential Candidate / President,politics,elected-office,2,planned,individual,"[""seeded"",""claimed"",""candidate"",""elected"",""in_office"",""post_office""]",2,0,0,0,0,0,packages/verticals-presidential-candidate,M9,INEC Form CF001 — Electoral Act 2022 campaign finance gate; NF-POL-ELC standalone; highest revenue ceiling; post_office first
vtx_political_appointee,political-appointee,Political Appointee (General),politics,appointed-office,2,planned,individual,"[""seeded"",""claimed"",""appointed"",""in_office"",""post_office""]",2,0,0,0,0,0,packages/verticals-political-appointee,M9,SSA/SA/TA/board chair — gubernatorial or presidential; NF-POL-APT variant; high volume across 36 states
vtx_ward_councillor,ward-councillor,Ward Councillor,politics,elected-office,2,planned,individual,"[""seeded"",""claimed"",""candidate"",""elected"",""in_office"",""post_office""]",1,0,0,0,0,0,packages/verticals-ward-councillor,M9,SIEC election — ~8809 ward councillors; legislative arm of LGA; NF-POL-ELC variant; DIFFERENTIATE from vtx_ward_rep
vtx_party_chapter_officer,party-chapter-officer,Party Chapter Officer (Ward/LGA),politics,party-structure,2,planned,individual,"[""seeded"",""claimed"",""active"",""post_office""]",1,0,0,0,0,0,packages/verticals-party-chapter-officer,M9,Party internal — ward or LGA chapter; NF-POL-PTY anchor; DIFFERENTIATE from vtx_political_party (individual vs org)
vtx_party_state_officer,party-state-officer,Party State Officer,politics,party-structure,2,planned,individual,"[""seeded"",""claimed"",""active"",""post_office""]",1,0,0,0,0,0,packages/verticals-party-state-officer,M9,Party state-level — SWC/SEC (party); NF-POL-PTY variant of party-chapter-officer; state media coverage
vtx_deputy_governor,deputy-governor,Deputy Governor,politics,elected-office,2,planned,individual,"[""seeded"",""claimed"",""candidate"",""elected"",""in_office"",""post_office""]",3,0,0,0,0,0,packages/verticals-deputy-governor,M9,INEC joint ticket with governor — Section 191 CFRN succession; portfolio assignment; NF-POL-ELC variant
vtx_assembly_speaker,assembly-speaker,"Speaker / Deputy Speaker, State House of Assembly",politics,elected-office,2,planned,individual,"[""seeded"",""claimed"",""elected"",""in_office""]",2,0,0,0,0,0,packages/verticals-assembly-speaker,M10,State HOA presiding officer — elected by peers; 72 total (36 speakers + 36 deputy speakers); NF-POL-ELC standalone
vtx_lga_vice_chairman,lga-vice-chairman,LGA Vice Chairman,politics,elected-office,2,planned,individual,"[""seeded"",""claimed"",""candidate"",""elected"",""in_office"",""post_office""]",1,0,0,0,0,0,packages/verticals-lga-vice-chairman,M10,SIEC joint ticket with LGA chairman — succession protocol; portfolio assignment; NF-POL-ELC variant
vtx_supervisory_councillor,supervisory-councillor,Supervisory Councillor,politics,appointed-office,2,planned,individual,"[""seeded"",""claimed"",""appointed"",""in_office"",""post_office""]",1,0,0,0,0,0,packages/verticals-supervisory-councillor,M10,Appointed by LGA chairman — LGA functional area oversight; NF-POL-APT variant; simplest template
